Date,AllSharePriceIndex,SL20Index,ForeignPurchases,ForeignSales,GoldPrice,USDSpotRate,CrudeOilFuturesPricesBrent,CrudeOilFuturesPricesWTI,CrudeOilOPECPrice,364TBillsRate,Liquidity
9/1/20,,,,,,,,,,,
9/2/20,"5,359.99","2,348.36",43.92,686.47,"365,894.93",186.1,42.7,42.76,45.02,4.89,187.16
9/3/20,"5,350.85","2,343.81",48.8,68.51,"361,498.54",185.42,42.72,41.39,43.36,4.89,189.38
9/4/20,"5,311.42","2,321.57",91.25,297.22,"359,285.07",185.23,41.1,39.69,43.42,4.88,191.69
9/5/20,,,,,,,,,,,
9/6/20,,,,,,,,,,,
9/7/20,"5,310.67","2,307.89",9.47,37.94,"359,012.92",185.21,40.67,39.69,41.64,4.87,191.76
9/8/20,"5,316.05","2,307.64",19.7,258.37,"355,976.82",184.78,38.53,36.87,40.29,4.87,189.03
9/9/20,"5,370.39","2,334.76",48.27,"1,341.67","355,521.36",184.4,39.98,38.05,39.82,4.87,187.77
9/10/20,"5,399.54","2,342.85",76.55,289.13,"358,686.11",184.35,39.27,37.25,39.83,4.51,202.39
9/11/20,"5,438.91","2,359.24",194.55,385.66,"359,431.99",184.74,38.8,37.33,39.37,4.86,199.63
9/12/20,,,,,,,,,,,
9/13/20,,,,,,,,,,,
9/14/20,"5,490.60","2,382.77",359.84,430.08,"359,769.15",184.55,38.57,37.23,38.96,4.86,181.45
9/15/20,"5,533.69","2,389.33",50.94,"1,021.12","361,954.23",184.21,39.54,38.29,39.35,4.86,180.08
9/16/20,"5,585.40","2,406.36",159.63,495.66,"361,130.10",184.41,41.23,40.17,41.29,4.68,170.02
9/17/20,"5,658.66","2,480.07",92.94,334.98,"360,237.83",184.89,42.35,40.99,42.07,4.86,172.59
9/18/20,"5,720.67","2,512.40",295.53,757.14,"361,060.42",184.96,42.16,41.09,42.98,4.88,157.07
9/19/20,,,,,,,,,,,
9/20/20,,,,,,,,,,,
9/21/20,"5,762.71","2,511.72",184.4,585.45,"362,196.44",185.39,40.37,39.26,41.49,4.88,155.59
9/22/20,"5,780.94","2,492.35",90.35,199.4,"353,733.81",185.33,40.84,39.55,41.32,4.88,157.66
9/23/20,"5,772.10","2,486.01",74.61,189.67,"352,529.73",185.38,41.09,39.92,41.4,4.69,164.89
9/24/20,"5,811.20","2,481.92",254.29,772.23,"344,702.48",185.1,41.24,40.11,41.22,4.72,163.47
9/25/20,"5,859.04","2,482.08",335.26,693.24,"345,312.08",185.02,40.91,40.06,41.93,4.89,188.97
9/26/20,,,,,,,,,,,
9/27/20,,,,,,,,,,,
9/28/20,"6,028.20","2,495.72",38.31,117.73,"344,629.42",185.2,41.59,40.47,41.61,4.89,171.42
9/29/20,"5,993.55","2,476.11",56.56,"1,240.60","349,523.31",185.28,40.33,39.03,41.46,4.89,188.46
9/30/20,"5,984.84","2,463.27",46.59,115.17,"351,684.70",185.52,40.3,40.05,40.65,4.89,187.03
10/1/20,,,,,,,39.75,38.51,,,
10/2/20,"6,050.17","2,454.43",85.15,745.24,"350,948.17",184.95,38,36.9,38.09,4.88,139.4
10/3/20,,,,,,,,,,,
10/4/20,,,,,,,,,,,
10/5/20,"5,587.18","2,288.51",59.2,201.96,"350,360.00",184.57,39.78,39.12,39.07,4.88,136.45
10/6/20,"5,534.61","2,272.22",92.08,68.95,"352,993.22",184.76,41.27,40.52,40.33,4.88,160.02
10/7/20,"5,553.22","2,272.89",87.42,"1,156.63","347,319.45",184.71,40.62,39.82,40.45,4.88,149.67
10/8/20,"5,724.54","2,317.15",57.68,891.3,"348,058.00",184.47,42,41.04,41.06,4.88,166.51
10/9/20,"5,798.72","2,348.50",161.27,253.17,"351,051.40",184.19,41.63,40.44,41.61,4.98,185.47
10/10/20,,,,,,,,,,,
10/11/20,,,,,,,,,,,
10/12/20,"5,841.05","2,334.71",63.53,287.95,"354,775.73",184.19,40.5,39.22,40.57,4.98,181.76
10/13/20,"5,802.97","2,303.81",43.7,184.48,"352,296.53",184.19,41.34,40.03,40.68,4.62,183.72
10/14/20,"5,890.13","2,346.83",50.84,860.67,"348,896.82",184.27,41.81,40.86,41.2,4.62,177.04
10/15/20,"5,920.00","2,366.14",50.33,79.93,"350,291.42",184.6,41.61,40.84,41.29,4.62,183.8
10/16/20,"5,945.79","2,370.43",63.3,95.72,"352,259.24",184.69,41.34,40.7,41.37,4.98,173.61
10/17/20,,,,,,,,,,,
10/18/20,,,,,,,,,,,
10/19/20,"5,946.08","2,382.72",35.32,196.36,"350,429.18",184.32,41.29,40.69,41.38,4.98,175.68
10/20/20,"5,934.23","2,387.56",386.51,516.08,"350,174.26",184.31,41.62,41.37,41.04,4.98,207.92
10/21/20,"5,684.67","2,287.60",85.81,252.1,"353,883.54",184.42,40.09,39.88,40.88,4.68,210.69
10/22/20,"5,771.89","2,294.89",59.73,110.5,"352,740.82",184.35,41.28,40.46,40.91,4.68,203.34
10/23/20,"5,768.94","2,297.88",350.16,354.57,"351,275.80",184.3,40.71,39.73,41.05,4.61,203.11
10/24/20,,,,,,,,,,,
10/25/20,,,,,,,,,,,
10/26/20,"5,669.33","2,254.79",66.25,85.82,"350,616.77",184.54,39.06,38.39,39.22,4.91,191.59
10/27/20,"5,680.28","2,260.97",17.5,228.27,"351,994.72",184.33,39.72,39.34,39.53,4.91,191.21
10/28/20,"5,600.20","2,238.97",82.41,223.3,"351,450.89",184.3,37.86,37.27,38.42,4.95,191.26
10/29/20,"5,726.59","2,282.20",29.63,497.26,"346,182.88",184.28,36.56,35.94,37.12,4.95,153.11
10/30/20,,,,,,,36.33,35.64,,,
10/31/20,,,,,,,,,,,
11/1/20,,,,,,,,,,,
11/2/20,"5,713.58","2,262.94",12.96,191.9,"346,723.21",184.29,37.78,36.6,35.89,4.95,136.61
11/3/20,"5,843.27","2,294.39",63.02,440.3,"349,612.89",184.43,38.17,37.44,38.44,4.95,133.17
11/4/20,"5,905.91","2,317.83",105.76,408.43,"349,078.04",184.43,39.68,38.97,39.09,4.95,141.32
11/5/20,"6,004.11","2,347.40",32.72,341.95,"351,557.97",184.39,39.47,38.56,39.79,4.95,152.59
11/6/20,"6,080.09","2,370.30",94.32,245.35,"358,171.41",184.44,38.08,36.97,39.22,4.94,148.8
11/7/20,,,,,,,,,,,
11/8/20,,,,,,,,,,,
11/9/20,"6,114.50","2,379.69",37.08,271.87,"360,736.62",184.47,40.93,40.05,39.97,4.94,157.45
11/10/20,"6,095.89","2,411.60",48.95,272.27,"346,219.44",184.61,42.25,41.18,41.72,4.94,156.57
11/11/20,"6,097.93","2,432.55",36.78,437.18,"347,063.67",184.52,42.5,41.23,43.42,4.8,153.05
11/12/20,"6,090.97","2,403.57",14.44,100.8,"344,998.94",184.6,42.16,40.9,42.97,4.8,147.07
11/13/20,"6,082.42","2,401.37",21.4,154.2,"346,817.25",184.6,41.51,39.93,42.05,4.9,170.06
11/14/20,,,,,,,,,,,
11/15/20,,,,,,,,,,,
11/16/20,"6,076.92","2,386.69",113,138.92,"350,140.56",184.61,42.71,41.14,42.93,4.9,188.88
11/17/20,"6,108.93","2,395.71",88.14,138.13,"349,696.65",185.01,42.54,41.24,42.76,4.9,180.55
11/18/20,"6,108.22","2,397.26",172.97,223.95,"347,508.46",184.9,42.91,41.64,43.05,4.9,167.79
11/19/20,"6,060.89","2,387.88",87.53,58.11,"346,078.00",184.93,43.09,41.57,43.12,4.84,172.62
11/20/20,"6,085.00","2,390.27",89.57,289.11,"344,095.10",184.64,43.79,41.99,43.38,4.86,195.47
11/21/20,,,,,,,,,,,
11/22/20,,,,,,,,,,,
11/23/20,"6,072.07","2,388.54",46.76,62.23,"346,498.36",185.12,45,42.91,44.75,4.86,185.8
11/24/20,"6,087.66","2,399.98",172.49,109.68,"338,743.98",185.48,46.63,44.71,45.51,4.86,187.65
11/25/20,"6,141.79","2,416.18",200.76,309.54,"335,601.81",185.4,47.3,45.58,46.91,4.86,185.36
11/26/20,"6,148.12","2,423.66",81.83,95.05,"335,912.23",185.51,46.32,45.58,46.66,4.86,185.04
11/27/20,"6,180.86","2,433.63",67.87,83.57,"335,174.11",185.22,46.88,45.58,46.79,4.88,186.92
11/28/20,,,,,,,,,,,
11/29/20,,,,,,,,,,,
11/30/20,"6,243.76","2,453.87",144.97,149.71,"331,050.66",184.96,46.84,45.2,46.43,4.97,185.81
12/1/20,"6,317.46","2,497.92",84.47,160.43,"331,030.57",185.8,47.03,44.54,46.73,4.97,235.98
12/2/20,"6,345.84","2,512.55",28.55,247.34,"336,531.78",185.6,47.8,45.23,46.69,4.83,237.04
12/3/20,"6,359.99","2,518.83",14.46,137.5,"341,614.77",186.88,48.37,45.65,47.46,4.83,233.61
12/4/20,"6,397.56","2,534.74",231.8,357.83,"343,384.94",186.53,49.1,46.23,48.35,4.83,234.95
12/5/20,,,,,,,,,,,
12/6/20,,,,,,,,,,,
12/7/20,"6,473.76","2,582.75",27.02,350.08,"341,032.80",185.48,48.63,45.72,47.77,4.97,238.33
12/8/20,"6,564.00","2,642.50",222.4,225.78,"347,412.07",186.23,48.84,45.64,47.79,4.97,240.67
12/9/20,"6,605.09","2,641.72",438.6,889.27,"347,672.48",186.17,48.81,45.48,48.31,4.98,238.28
12/10/20,"6,609.39","2,628.49",279.34,716.71,"342,380.98",185.92,50.33,46.76,48.87,4.98,242.91
12/11/20,"6,614.56","2,627.81",84.36,184.07,"341,765.79",185.91,50.01,46.59,49.58,4.98,232.77
12/12/20,,,,,,,,,,,
12/13/20,,,,,,,,,,,
12/14/20,"6,656.64","2,634.84",89.03,103.85,"341,728.04",186.02,50.27,47.02,49.65,4.85,242.23
12/15/20,"6,631.89","2,607.87",65.01,92.5,"342,141.64",186.73,50.77,47.58,49.61,4.85,237.48
12/16/20,"6,655.67","2,602.69",99.88,192.66,"348,451.40",187.89,50.83,47.86,50.12,4.98,224.3
12/17/20,"6,624.15","2,583.01",25.14,112.85,"350,398.86",188.07,51.2,48.34,50.78,4.98,225.02
12/18/20,"6,616.95","2,572.95",109.97,269.33,"353,180.58",187.88,52.17,49.04,50.69,5,222.78
12/19/20,,,,,,,,,,,
12/20/20,,,,,,,,,,,
12/21/20,"6,622.71","2,580.21",123.48,104.28,"356,079.24",187.86,50.61,47.79,49.57,4.93,213.92
12/22/20,"6,634.92","2,584.63",115.38,272.73,"353,069.33",187.7,49.88,47.02,49.22,4.93,222.35
12/23/20,"6,629.02","2,574.73",82.83,484.79,"352,732.74",189.28,51.05,47.94,49.46,4.86,228.62
12/24/20,"6,685.64","2,599.67",79.94,80.51,"357,383.43",190.22,50.88,48.18,50.31,4.99,231.1
12/25/20,,,,,,,,,,,
12/26/20,,,,,,,,,,,
12/27/20,,,,,,,,,,,
12/28/20,"6,704.89","2,614.84",25.75,102.37,"361,063.91",190.28,50.88,47.5,50.1,5,224.06
12/29/20,,,,,,,,47.85,,,
12/30/20,"6,748.01","2,631.53",62.22,215.57,"353,928.71",187.97,50.74,48.24,50.22,5,232.3
12/31/20,"6,774.22","2,638.10",38.22,110.5,"353,599.26",186.41,51.22,48.35,50.24,5,206.75
1/1/21,,,,,,,51.8,48.52,,,266.52
1/2/21,,,,,,,,,,,
1/3/21,,,,,,,,,,,
1/4/21,"6,894.98","2,687.45",42.45,321.73,"355,439.30",185.28,52.02,48.72,51.35,5,244.6
1/5/21,"6,978.86","2,707.64",104.94,369.54,"358,687.25",185,51.1,47.67,50.75,4.9,248.98
1/6/21,"7,036.76","2,703.19",246.09,346.6,"360,409.60",185,53.8,50.01,53.29,4.92,244.45
1/7/21,"7,097.84","2,692.56",77.61,374.71,"354,596.90",185,54.52,50.89,53.84,4.97,242.22
1/8/21,"7,119.53","2,704.87",92.54,115.7,"354,555.43",185.5,54.55,51,54.39,5.04,238.35
1/9/21,,,,,,,,,,,
1/10/21,,,,,,,,,,,
1/11/21,"7,203.63","2,730.85",311.97,494.69,"343,768.74",187.53,55.53,51.98,54.76,4.79,237.33
1/12/21,"7,282.24","2,742.41",162.28,221.04,"345,660.15",187,55.57,52.19,55.41,4.8,232.9
1/13/21,"7,443.23","2,782.17",251.24,446.61,"348,055.71",186.99,57.07,53.62,55.81,4.8,204.38
1/14/21,,,,,,,,,,,
1/15/21,"7,734.57","2,902.98",122.12,300.24,"353,905.42",191.04,56.34,53.62,54.68,5.02,222.45
1/16/21,,,,,,,,,,,
1/17/21,,,,,,,,,,,
1/18/21,"7,922.66","3,003.30",249.1,372.27,"352,365.34",192.74,54.65,51.92,53.92,5,213.91
1/19/21,"7,808.97","3,059.03",321.73,857.59,"356,389.59",193.65,55.01,52.31,54.85,4.78,208.85
1/20/21,"7,884.45","3,096.35",124.55,774.19,"359,980.66",194.8,56.13,53.22,55.75,4.78,166.79
1/21/21,"8,131.25","3,196.73",135.27,601.38,"364,048.08",194.8,55.83,53.24,55.14,4.78,160.12
1/22/21,"8,463.43","3,312.35",238.45,821.19,"366,228.02",196.43,55.6,52.58,54.69,4.97,121.4
1/23/21,,,,,,,,,,,
1/24/21,,,,,,,,,,,
1/25/21,"8,694.35","3,500.82",220.07,974.12,"365,154.53",196.8,55.25,52.2,54.85,4.99,117.5
1/26/21,"8,665.82","3,504.05",252.4,442.74,"364,574.20",196.15,55.73,52.68,54.87,4.7,124.92
1/27/21,"8,812.01","3,505.33",258.94,"1,559.32","361,381.29",195.86,55.98,52.7,55.31,4.68,123.23
1/28/21,,,,,,,,,,,
1/29/21,"8,668.07","3,514.18",255.94,"2,585.48","358,326.86",194.39,55.58,52.29,54.41,4.8,116.14
1/30/21,,,,,,,,,,,
1/31/21,,,,,,,,,,,
2/1/21,"8,567.07","3,439.15",149.63,532.1,"354,640.31",190.98,55.1,52.17,55.14,4.94,120.53
2/2/21,"8,005.32","3,187.38",137.27,316.35,"358,630.81",192.57,56.89,54.09,56.82,4.82,115.73
2/3/21,"8,244.50","3,293.45",108.45,393.56,"357,801.96",194,57.55,54.85,57.74,4.82,113.04
2/4/21,,,,,,,,,,,
2/5/21,"8,275.37","3,304.30",59.67,694.19,"349,275.06",194.41,59.39,56.8,58.94,5.01,116.49
2/6/21,,,,,,,,,,,
2/7/21,,,,,,,,,,,
2/8/21,"8,113.26","3,227.66",139.34,444,"350,909.64",193.74,59.8,57.34,59.59,4.92,128.87
2/9/21,"7,963.77","3,169.92",649.22,659.86,"357,709.86",194.36,60.98,58.34,60.3,4.9,124.52
2/10/21,"7,732.43","3,087.70",392.96,728.09,"357,394.38",194.31,61.06,58.26,60.47,4.95,129.66
2/11/21,"7,597.81","3,039.28",153.81,122.71,"357,305.25",194.5,60.98,58.2,60.55,5.01,131.14
2/12/21,"7,985.00","3,180.24",60.72,750.87,"354,527.93",194.63,60.75,57.78,60.79,5.08,154.92
2/13/21,,,,,,,,,,,
2/14/21,,,,,,,,,,,
2/15/21,"7,907.27","3,163.59",108.56,213.16,"354,016.78",193.97,63.53,60.74,62.61,4.93,153.75
2/16/21,"7,580.91","3,032.21",162.86,371.83,"354,025.51",193.97,63.56,60.22,62.49,4.93,148.1
2/17/21,"7,588.34","3,027.66",41.21,201.13,"349,422.25",194.96,63.14,59.88,63.06,4.93,145.98
2/18/21,"7,736.36","3,086.04",80.73,203.81,"347,241.21",194.85,65.16,61.79,63.44,4.73,153.67
2/19/21,"7,797.94","3,098.12",44.89,329.22,"344,425.63",194.85,62.79,59.21,61.32,5.06,165.29
2/20/21,,,,,,,,,,,
2/21/21,,,,,,,,,,,
2/22/21,"7,597.51","3,029.79",80.06,37.73,"347,926.55",194.83,63.54,59.62,62.01,4.79,168.62
2/23/21,"7,329.21","2,898.43",69.7,266.58,"352,290.97",194.21,66.29,61.49,63.73,4.76,169.66
2/24/21,"7,371.86","2,899.00",31.25,412.16,"351,890.48",194.06,65.08,61.24,64,4.75,155.16
2/25/21,"7,476.34","2,966.63",101.4,854.74,"349,239.85",194.01,67.11,63.29,65.42,5.03,171.55
2/26/21,,,,,,,64.42,61.5,,,
2/27/21,,,,,,,,,,,
2/28/21,,,,,,,,,,,
3/1/21,"7,438.13","2,964.30",601.08,654.6,"339,084.69",194.01,65.62,62.65,64.21,5.04,179.86
3/2/21,"7,343.38","2,909.77",92.26,791.12,"333,644.33",194.5,62.65,59.58,61.94,4.98,177.18
3/3/21,"7,193.09","2,836.75",420.64,418.13,"338,912.41",195.63,62.85,59.8,62.12,4.98,175.63
3/4/21,"7,002.04","2,768.88",421.38,443.08,"334,643.57",195.27,64.26,61.38,64.23,4.92,174.72
3/5/21,"7,054.49","2,791.57",88.67,361.42,"331,017.25",195.36,66.96,64.12,67.03,5.07,172.82
3/6/21,,,,,,,,,,,
3/7/21,,,,,,,,,,,
3/8/21,"7,318.43","2,906.69",90.53,351.63,"334,753.67",195.5,71.31,67.89,68.17,5.07,174.39
3/9/21,"7,296.88","2,909.98",51.73,185.01,"330,169.20",195.5,68.5,65.2,66.38,5.07,175.78
3/10/21,"7,212.66","2,867.82",34.52,18.44,"335,505.36",195.99,67.6,64.14,65.06,5.07,172.68
3/11/21,,,,,,,69.63,66.02,67.39,5.07,
3/12/21,"7,247.48","2,893.44",39.58,216.61,"338,545.31",196.53,69.47,65.78,68.14,4.99,181.38
3/13/21,,,,,,,,,,,
3/14/21,,,,,,,,,,,
3/15/21,"7,160.41","2,862.81",73.53,140.09,"338,400.33",196.04,70,66.39,68.18,4.99,156.56
3/16/21,"7,119.70","2,845.51",58.43,101.28,"340,740.51",196.78,68.17,64.72,66.89,4.99,138.56
3/17/21,"7,044.56","2,816.92",43.82,192.56,"344,029.67",198.49,68.31,64.76,66.76,4.99,140.03
3/18/21,"6,930.76","2,774.78",172.17,208.82,"346,092.33",197.45,67.69,64.34,64.79,4.94,132.78
3/19/21,"6,854.32","2,757.45",25.37,292.74,"344,865.52",199.28,63.81,60.42,62.47,4.94,119.18
3/20/21,,,,,,,,,,,
3/21/21,,,,,,,,,,,
3/22/21,"6,966.71","2,786.12",7.16,128.36,"343,119.13",197.47,64.34,60.96,63.22,4.84,106.69
3/23/21,"6,979.29","2,801.79",314.13,196.05,"342,626.41",198.77,63.92,61.55,62.27,4.67,100.67
3/24/21,"7,135.84","2,871.08",10.46,337.12,"344,406.54",198.95,60.69,57.61,61.61,4.67,102.11
3/25/21,"7,099.13","2,854.25",29.92,123.97,"343,449.81",198,63.54,60.19,61.63,4.67,107.01
3/26/21,"7,097.39","2,866.66",28.19,159,"342,722.17",198.45,62.36,59.08,62.56,4.97,127.7
3/27/21,,,,,,,,,,,
3/28/21,,,,,,,,,,,
3/29/21,"7,127.69","2,884.14",34.17,"1,355.11","343,309.58",198.17,64.46,60.83,62.86,4.95,110.37
3/30/21,"7,115.12","2,881.67","6,240.53","6,377.65","340,839.82",199.44,65.11,61.74,63.37,5.09,102.59
3/31/21,"7,121.28","2,850.12",47.69,84.59,"334,621.19",199.04,64.29,60.61,63.07,4.85,102.53
4/1/21,"7,193.28","2,867.72",14.51,387.19,"340,552.58",199.22,63.54,59.51,61.75,4.88,86.33
4/2/21,,,,,,,,,,,
4/3/21,,,,,,,,,,,
4/4/21,,,,,,,,,,,
4/5/21,"7,217.83","2,874.30",294.19,638.04,"344,128.23",199.38,64.38,61.04,61.68,4.75,81.87
4/6/21,"7,280.27","2,934.48",42.43,231.34,"346,337.54",199.75,62.7,59.25,61.31,4.77,122.31
4/7/21,"7,310.26","2,954.94",65.96,187.51,"345,640.84",199.01,62.71,59.28,60.67,4.85,115.01
4/8/21,"7,412.46","3,002.71",35.93,350.96,"347,090.93",200.02,62.74,59.35,61.2,4.85,111.36
4/9/21,"7,458.27","3,020.57",35.31,562.72,"350,478.76",199.87,63.26,59.75,61.12,4.96,106.77
4/10/21,,,,,,,,,,,
4/11/21,,,,,,,,,,,
4/12/21,"7,558.28","3,064.65",31.71,538.96,"347,700.46",199.91,63.2,59.51,61.44,4.88,77.39
4/13/21,,,,,,,63.67,60.18,61.85,,
4/14/21,,,,,,,66.58,63.15,63.39,,
4/15/21,"7,644.38","3,079.86",182.1,445.72,"347,189.00",200,66.48,63,64.48,4.88,74.18
4/16/21,"7,600.57","3,071.50",19.37,127.77,"352,003.86",199.93,66.88,63.36,65.21,5,80.79
4/17/21,,,,,,,,,,,
4/18/21,,,,,,,,,,,
4/19/21,"7,553.50","3,042.15",130.7,319.26,"345,535.96",194.45,66.47,62.89,65.1,5,101.08
4/20/21,"7,355.11","2,955.56",78.14,166.76,"339,685.99",191.97,67.21,63.55,65.36,4.95,119.81
4/21/21,"7,433.44","2,977.32",61.7,149.04,"341,737.18",191.88,65.98,62.11,64.02,4.95,118.01
4/22/21,"7,327.91","2,931.59",583,170.17,"344,571.84",192,64.83,60.85,63.06,4.96,137.46
4/23/21,"7,232.65","2,879.17",125.36,155.96,"343,222.35",191.94,65.72,61.77,63.63,5.02,149
4/24/21,,,,,,,,,,,
4/25/21,,,,,,,,,,,
4/26/21,,,,,,,,,,,
4/27/21,"7,066.70","2,802.06",56.54,35.01,"350,522.01",197.5,65.85,62.08,63.91,5.02,155.7
4/28/21,"7,239.94","2,878.80",48.88,109.69,"349,949.26",197.5,66.18,62.75,64.53,5.02,150.96
4/29/21,"7,216.70","2,862.32",63.02,839.06,"357,042.14",199.75,67.56,64.13,65.71,5.02,150.22
4/30/21,"7,208.20","2,869.25",212.82,439.25,"352,778.30",199.54,68.4,64.72,65.42,5.14,151.31
5/1/21,,,,,,,,,,,
5/2/21,,,,,,,,,,,
5/3/21,"7,215.60","2,850.09",43.25,277.36,"353,235.34",199.23,66.85,63.72,65.09,5.02,147.69
5/4/21,"7,111.45","2,815.94",57.49,858.41,"357,619.52",199.69,67.71,64.63,66.67,5.04,144.67
5/5/21,"7,145.97","2,832.67",70.61,127.02,"355,431.87",199.59,69.63,66.43,68.2,4.89,145.93
5/6/21,"7,188.09","2,838.96",55.63,110.34,"356,564.21",199.59,68.88,65.49,67.49,4.89,150.55
5/7/21,"7,242.00","2,875.64",80.82,996.04,"362,343.14",199.52,68.12,64.77,66.57,5.16,135.17
5/8/21,,,,,,,,,,,
5/9/21,,,,,,,,,,,
5/10/21,"7,135.80","2,838.19",164.03,877.34,"365,444.34",199.51,68.98,65.53,67.1,5.16,139.76
5/11/21,"7,143.38","2,843.40",35.73,239.2,"366,459.54",199.58,67.82,64.47,66.39,5.16,140.83
5/12/21,"7,161.77","2,850.43",193.25,312.27,"365,269.06",199.57,68.65,65.39,67.46,5.16,132.67
5/13/21,"7,228.23","2,869.52",95.36,131.12,"363,497.98",199.5,69,65.78,66.78,4.95,130.56
5/14/21,,,,,,,,,,,
5/15/21,,,,,,,,,,,
5/16/21,,,,,,,,,,,
5/17/21,"7,350.14","2,941.07",78.78,108.35,"369,107.92",199.5,68.98,65.64,67.52,4.95,114.39
5/18/21,"7,355.14","2,956.04",698.68,511.92,"373,831.01",199.79,69.66,66.47,68.39,4.95,116.14
5/19/21,"7,341.03","2,953.68",26.51,90.39,"372,745.94",199.67,67.93,64.7,65.95,4.9,124.95
5/20/21,"7,293.59","2,926.78",118.13,138.89,"373,837.08",199.66,66.67,63.29,65.29,4.86,126.95
5/21/21,"7,220.72","2,900.34",159.56,199.33,"374,243.78",199.9,65.24,62.05,64.18,5.17,116.42
5/22/21,,,,,,,,,,,
5/23/21,,,,,,,,,,,
5/24/21,"7,233.58","2,900.61",55.74,107.06,"376,610.52",199.67,66.89,64.02,66.93,5.02,120.57
5/25/21,"7,278.24","2,925.87",118.35,173.22,"374,205.86",199.51,68.62,66.16,67.41,5.02,121.86
5/26/21,,,,,,,,,,,
5/27/21,,,,,,,,,,,
5/28/21,"7,333.42","2,955.71",401.7,685.09,"378,189.23",199.56,69.79,67.28,68.2,5.01,111.99
5/29/21,,,,,,,,,,,
5/30/21,,,,,,,,,,,
5/31/21,"7,403.44","2,978.81",72.83,425.58,"380,914.33",199.5,69.79,67.28,68.53,5.01,116.46
6/1/21,"7,450.54","3,002.31",95.03,137.78,"381,608.59",199.5,70.15,67.58,69.03,5.01,99.08
6/2/21,"7,436.55","3,000.92",40.79,56.3,"378,929.30",199.5,70.55,67.99,69.39,4.93,96.96
6/3/21,"7,516.20","3,025.76",40.28,266.35,"380,329.15",199.53,71.68,69.16,69.91,4.87,99.47
6/4/21,"7,567.38","3,046.47",182.2,329.65,"372,008.72",199.69,70.95,68.51,70.23,4.93,104.8
6/5/21,,,,,,,,,,,
6/6/21,,,,,,,,,,,
6/7/21,"7,591.90","3,055.14",21.64,108.4,"376,683.35",199.69,71.62,69.4,70.15,4.93,92.97
6/8/21,"7,542.20","3,033.01",48.11,70.88,"378,980.17",199.7,70.99,68.75,69.83,4.93,111.42
6/9/21,"7,564.26","3,042.47",78.07,56.69,"378,137.84",199.83,72.45,70.32,71.21,4.93,105.64
6/10/21,"7,601.16","3,074.10",159.08,705.3,"376,639.04",199.68,71.6,69.35,70.9,4.93,110.72
6/11/21,"7,610.30","3,067.03",78.09,170.38,"379,544.71",199.76,72.29,70.07,71.31,5.17,110
6/12/21,,,,,,,,,,,
6/13/21,,,,,,,,,,,
6/14/21,"7,582.27","3,054.94",46.39,102.6,"372,951.85",199.89,72.99,71.2,71.99,5.06,88.4
6/15/21,"7,605.53","3,051.52",41.03,42.98,"371,487.95",199.5,73.14,71.16,72.05,5.06,83.07
6/16/21,"7,641.19","3,072.67",347.86,503.43,"370,516.61",199.72,74.62,72.71,73.16,5.06,82.62
6/17/21,"7,659.00","3,079.59",684.89,52.32,"364,301.65",199.86,73.68,71.48,72.29,4.94,79.8
6/18/21,"7,715.46","3,083.38",37.49,99.75,"356,490.57",199.83,72.72,70.76,71.56,5.13,94.09
6/19/21,,,,,,,,,,,
6/20/21,,,,,,,,,,,
6/21/21,"7,726.73","3,064.45",410.65,399.54,"354,655.96",199.87,74.14,72.3,72.45,5.13,87.29
6/22/21,"7,743.71","3,026.08",7.44,240.74,"356,845.31",199.91,75.01,73.63,73.13,5.13,89.78
6/23/21,"7,742.14","3,029.60",49.83,79.72,"355,877.93",199.89,75.18,73.06,74.01,5.13,77.81
6/24/21,,,,,,,,,,,
6/25/21,"7,809.15","3,042.63",65.47,67.07,"355,611.29",199.87,75.79,73.5,74.19,5.13,91.62
6/26/21,,,,,,,,,,,
6/27/21,,,,,,,,,,,
6/28/21,"7,877.84","3,037.78",26.98,41.95,"354,672.53",199.89,76.07,73.99,73.84,5.13,105.21
6/29/21,"7,856.64","3,002.96",16,28.01,"354,898.35",199.9,74.49,72.72,73.34,5.13,116.01
6/30/21,"7,837.76","2,968.26",48.72,109.72,"354,897.11",201.14,75.12,73.52,73.6,5.13,91.25
7/1/21,"7,728.61","2,956.12",20.62,63.21,"355,857.45",200.78,75.13,73.48,74.87,5.07,73.26
7/2/21,"7,746.56","2,970.75",99.45,505.89,"356,517.44",200.52,75.93,75.31,75.21,4.99,82.2
7/3/21,,,,,,,,,,,
7/4/21,,,,,,,,,,,
7/5/21,"7,794.21","2,952.96",597.67,610.16,"357,520.29",199.91,75.99,75.02,75.71,4.99,81.06
7/6/21,"7,792.21","2,931.31",24.6,235.21,"359,413.20",199.9,77.51,76.69,75.94,5.18,84.79
7/7/21,"7,809.38","2,936.41",31.04,367.24,"360,091.86",199.9,74.49,73.39,73.58,4.99,91.5
7/8/21,"7,811.61","2,955.88",234.61,467.64,"359,497.16",199.9,72.99,71.65,71.97,4.99,85
7/9/21,"7,852.19","2,979.01",152.45,935.7,"360,746.54",199.9,74.01,72.96,74.18,5.07,85.17
7/10/21,,,,,,,,,,,
7/11/21,,,,,,,,,,,
7/12/21,"7,866.47","2,987.75",75.57,726.58,"361,090.48",199.91,75.48,74.52,74.33,5.07,81.03
7/13/21,"7,913.47","3,002.27",24.65,232.31,"361,901.96",199.9,75.34,74.3,75.13,5.01,88.82
7/14/21,"7,939.35","3,012.17",39.58,623.1,"361,945.94",199.9,76.36,75.08,75.29,5,89.78
7/15/21,"7,986.45","3,031.32",114.09,103.66,"365,048.02",199.9,73.86,72.19,73.15,5,69.4
7/16/21,"7,966.95","3,030.27",11.47,"1,132.88","365,146.34",199.9,73.43,71.64,72.84,5.13,61.77
7/17/21,,,,,,,,,,,
7/18/21,,,,,,,,,,,
7/19/21,"8,022.55","3,081.94",14.34,"1,021.65","362,531.12",199.89,72.5,70.81,70.54,5.12,53.59
7/20/21,"8,068.33","3,095.09",48.6,491.28,"363,473.63",199.9,69.06,66.91,70.5,5.09,1.83
7/21/21,,,,,,,,,,,
7/22/21,"8,136.76","3,092.31",30.63,573.5,"360,072.87",199.9,71.94,70.07,72.09,5.04,0.03
7/23/21,,,,,,,,,,,
7/24/21,,,,,,,,,,,
7/25/21,,,,,,,,,,,
7/26/21,"8,122.73","3,060.01",288.91,"1,469.15","360,997.84",199.93,74.02,71.96,72.68,5.07,18.7
7/27/21,"8,092.98","3,048.22",59.26,142.29,"359,158.99",199.91,74.89,72.2,73.62,5.04,21.85
7/28/21,"8,096.98","3,050.99",44.9,129.14,"360,440.38",199.9,74.72,72.01,73.57,4.99,20.52
7/29/21,"8,140.76","3,071.54",72.03,213.61,"362,915.45",199.9,74.78,72.43,74.42,4.98,23.89
7/30/21,"8,120.48","3,062.17",69.03,173.82,"365,562.13",199.9,75.72,73.23,74.98,4.99,8.72
7/31/21,,,,,,,,,,,
8/1/21,,,,,,,,,,,
8/2/21,"8,148.02","3,072.38",99.41,353,"362,244.79",199.9,74.2,72.86,73.89,4.99,53.62
8/3/21,"8,222.55","3,111.15",136.59,627.51,"362,171.82",199.9,72.99,71.43,72.71,4.95,56.5
8/4/21,"8,210.31","3,109.97",77.89,344.56,"362,447.69",199.9,72.24,70.26,71.83,4.99,58.47
8/5/21,"8,011.94","3,037.61",66.75,48.33,"361,815.59",199.9,70.52,68.37,70.34,4.99,60.92
8/6/21,"8,099.12","3,056.02",65.2,56.1,"360,018.90",199.9,71.16,68.97,71.3,5.25,48.32
8/7/21,,,,,,,,,,,
8/8/21,,,,,,,,,,,
8/9/21,"8,101.39","3,039.06",45.16,20.03,"347,848.05",199.91,69.32,66.91,70.66,5.25,53.89
8/10/21,"8,070.88","3,032.24",84.82,43.21,"346,893.47",199.9,68.99,66.63,70.13,4.99,47.44
8/11/21,"8,095.57","3,041.17",31.95,983.6,"346,263.51",199.92,70.58,68.24,70.52,4.99,39.53
8/12/21,"7,980.91","2,989.02",105.95,485.34,"349,871.99",199.92,71.47,69.27,71.32,4.99,33.21
8/13/21,"7,996.04","2,990.91",21.24,42.75,"350,961.53",199.92,70.81,68.58,70.9,5.24,15.49
8/14/21,,,,,,,,,,,
8/15/21,,,,,,,,,,,
8/16/21,"7,937.28","2,977.31",18.34,19.31,"355,563.44",199.98,69.76,67.62,69.65,5.24,-17.45
8/17/21,"8,134.52","3,028.56",90.36,122.64,"357,142.12",199.92,69.69,67.49,69.4,5.16,-22.04
8/18/21,"8,342.85","3,073.42",86.44,59.85,"357,656.08",199.9,68.93,66.49,69.32,5.16,-32.37
8/19/21,"8,260.08","3,047.07",58.14,33.22,"356,048.89",199.9,67.36,64.48,66.08,5.16,-22.11
8/20/21,"8,240.06","3,051.64",396.95,771.15,"356,420.70",199.9,66.68,63.78,66.13,5.19,9.15
8/21/21,,,,,,,,,,,
8/22/21,,,,,,,,,,,
8/23/21,"8,479.65","3,147.96",139.86,154.51,"357,060.38",199.9,65.88,62.73,67.33,5.08,14.62
8/24/21,"8,667.95","3,175.73",53.09,296.58,"360,217.80",199.9,69.36,66.14,69.71,5.08,10.26
8/25/21,"8,756.63","3,183.73",36.53,153.41,"358,637.59",199.9,70.8,67.28,70.59,5,12.12
8/26/21,"8,920.71","3,327.08",120.9,359.69,"357,679.56",199.95,71.91,67.94,70.75,5,13.71
8/27/21,"8,931.33","3,345.25",129.75,117.36,"359,409.00",200,71.49,67.83,71.48,5.92,13.26
8/28/21,,,,,,,,,,,
8/29/21,,,,,,,,,,,
8/30/21,"8,894.44","3,310.37",95.32,223.25,"368,011.15",202.62,72.69,68.54,71.48,5.92,-0.48
8/31/21,"8,997.60","3,364.59",135.09,131.56,"380,701.65",210,73,68.87,71.43,5.92,-41.04
9/1/21,"9,163.13","3,428.72",117.8,966.69,"380,489.55",210,72.99,68.75,71.25,5.92,-205.61
9/2/21,"9,335.98","3,500.89",83.14,939.28,"380,812.95",210,71.01,67.94,71.63,5.92,-214.7
9/3/21,"9,316.65","3,494.76",59.11,"1,608.33","376,198.34",207.35,72.87,69.66,72.56,5.86,-181.72
9/4/21,,,,,,,,,,,
9/5/21,,,,,,,,,,,
9/6/21,"9,227.88","3,452.41",476.34,858.54,"379,003.73",207.35,71.85,68.58,71.29,5.8,-181.04
9/7/21,"9,092.74","3,415.46",25.32,115.14,"378,646.06",207.35,72.4,69.05,71.34,5.8,-185.84
9/8/21,"8,764.21","3,313.02",69.18,314.1,"359,885.01",199.95,71.82,68.65,71.17,5.8,-192.02
9/9/21,"8,986.40","3,376.04",410.67,305.96,"357,955.89",199.98,72.68,69.35,71.82,5.8,-191.84
9/10/21,"8,865.30","3,335.51",80.99,132.33,"359,399.00",200,71.57,68.23,71.98,5.87,-162.78
9/11/21,,,,,,,,,,,
9/12/21,,,,,,,,,,,
9/13/21,"8,536.88","3,204.07",38.88,735.83,"358,009.00",200,73.5,70.3,72.77,5.87,-158.21
9/14/21,"8,692.60","3,256.32",168.89,218.97,"358,519.00",200,73.65,70.66,73.29,5.87,-175.45
9/15/21,"8,931.21","3,332.26",40.46,52.43,"360,703.00",200,73.95,70.8,73.78,6.09,-185.05
9/16/21,"8,848.04","3,309.99",23.55,17.22,"359,122.31",200.01,75.58,72.69,74.17,5.84,-209.83
9/17/21,"8,801.95","3,291.87",91.16,596.01,"351,397.00",200,75.75,72.67,74.14,5.84,-206.6
9/18/21,,,,,,,,,,,
9/19/21,,,,,,,,,,,
9/20/21,,,,,,,,,,,
9/21/21,"8,770.39","3,266.79",27.02,28.08,"352,713.80",199.93,74.43,70.9,73.68,5.84,-200.85
9/22/21,"8,788.05","3,283.50",520.46,599.75,"354,863.78",199.63,74.95,71.11,74.46,5.84,-203.09
9/23/21,"8,830.35","3,313.42",30.92,63.11,"352,464.68",199.9,76.49,72.47,75.44,5.84,-208.04
9/24/21,"8,940.11","3,347.81",71.28,117.47,"350,604.62",200.26,77.33,73.41,76.21,5.84,-200.61
9/25/21,,,,,,,,,,,
9/26/21,,,,,,,,,,,
9/27/21,"9,269.65","3,416.12",41.91,764.47,"351,783.00",200,79.5,75.27,77.73,5.84,-99.9
9/28/21,"9,339.28","3,444.06",21.65,317.7,"350,761.74",200.03,79.65,75.64,78.37,5.84,-119.34
9/29/21,"9,433.77","3,504.14",17.02,41.52,"347,688.14",199.99,78.24,74.41,77.13,5.84,-122.19
9/30/21,"9,459.94","3,534.82",50.26,577.24,"346,524.22",199.99,78.53,74.78,77.72,5.84,-119.58
10/1/21,"9,442.30","3,539.55",29.26,22.45,"352,304.59",200.7,78.22,74.98,76.36,6.94,-136.51
10/2/21,,,,,,,,,,,
10/3/21,,,,,,,,,,,
10/4/21,"9,542.33","3,540.24",8.66,60.88,"352,218.38",200.14,78.99,75.52,78.26,6.79,-9.86
10/5/21,"9,533.64","3,539.74",127.43,174.81,"352,717.00",200,81.7,77.95,80.44,6.87,-44.84
10/6/21,"9,626.45","3,602.46",34.71,135.93,"351,657.23",200.06,82.52,78.87,80.63,6.87,-48.05
10/7/21,"9,671.00","3,619.47",21.32,88.3,"351,880.57",200.04,80.62,76.74,78.58,6.87,-48.21
10/8/21,"9,678.89","3,613.14",16.96,44.25,"357,088.68",202.98,82.5,79.01,81.54,7.2,-30.41
10/9/21,,,,,,,,,,,
10/10/21,,,,,,,,,,,
10/11/21,"9,649.26","3,570.08",40.75,149.03,"355,980.11",202.4,83.13,80.44,82.53,7.2,-43.95
10/12/21,"9,640.36","3,569.39",16.43,44.56,"355,889.03",202.4,83.44,80.26,82.37,7.2,-43.01
10/13/21,"9,497.49","3,506.91",42.36,23.87,"352,553.00",200,83.36,80.62,81.79,7.2,-38.58
10/14/21,"9,621.65","3,547.10",21.85,27.96,"357,692.22",200,83.27,80.51,82.5,7.2,-34.8
10/15/21,"9,623.81","3,546.61",38.39,37.24,"361,333.31",201.25,84.38,81.63,83.54,7.2,-62.32
10/16/21,,,,,,,,,,,
10/17/21,,,,,,,,,,,
10/18/21,"9,709.14","3,553.45",32.62,227.63,"354,373.71",200.09,85.72,83.45,84.04,7.19,-85.58
10/19/21,,,,,,,,,,,
10/20/21,,,,,,,,,,,
10/21/21,"9,881.50","3,572.70",84.38,43.32,"358,686.36",200.51,85.97,83.87,83.36,7.19,-99.52
10/22/21,"9,915.22","3,605.72",63.41,171.92,"359,257.25",201.05,84.8,82.66,83.4,7.22,-134.34
10/23/21,,,,,,,,,,,
10/24/21,,,,,,,,,,,
10/25/21,"10,046.80","3,644.73",72.28,106.1,"362,305.05",201.98,86.12,84.57,84.66,7.22,-142.68
10/26/21,"10,127.04","3,659.73",68.86,138.26,"366,415.35",203,85.86,83.57,84.52,7.22,-156.18
10/27/21,"10,146.90","3,698.72",149.16,303.7,"361,708.78",202.21,85.77,83.97,83.72,7.22,-157.74
10/28/21,"10,137.85","3,687.56",40.76,129.37,"360,121.77",200.03,82.73,81.02,82.41,7.22,-136.97
10/29/21,"10,162.93","3,708.52",29.11,432.25,"362,861.21",201.87,84.53,82.9,82.87,8.07,-142.85
10/30/21,,,,,,,,,,,
10/31/21,,,,,,,,,,,
11/1/21,"10,132.12","3,678.35",157.01,109.87,"360,641.30",201.95,83.61,83.27,82.55,8.07,-167.26
11/2/21,"10,271.71","3,668.56",46.44,587.54,"362,714.60",202.5,85.01,84.26,83.43,8.07,-175.94
11/3/21,"10,412.02","3,656.60",54.2,75.82,"360,792.80",202.56,83.37,82.32,81.64,8.07,-165.11
11/4/21,,,,,,,,,,,
11/5/21,"10,632.21","3,635.20",70.55,152.55,"363,699.65",202.62,81.29,79.67,80.16,8,-156
11/6/21,,,,,,,,,,,
11/7/21,,,,,,,,,,,
11/8/21,"10,621.40","3,649.94",74.66,112.89,"364,533.70",200.31,83.82,82.35,82.39,8.25,-192.21
11/9/21,"10,361.80","3,604.06",124.45,76.54,"368,684.52",202.05,83.54,82.05,82.7,8.26,-204.79
11/10/21,"10,522.60","3,632.40",56.29,28.13,"369,988.76",202.38,85.41,84.55,83.75,8.23,-193.34
11/11/21,"10,686.37","3,625.37",74.75,85.13,"371,475.81",201.41,83.03,81.73,81.99,7.97,-200.09
11/12/21,"10,666.54","3,615.95",42.3,81.02,"375,906.57",202.35,82.58,81.3,81.7,7.95,-188.2
11/13/21,,,,,,,,,,,
11/14/21,,,,,,,,,,,
11/15/21,"10,752.82","3,598.38",80,136.69,"375,757.44",202.05,81.62,80.28,80.9,8.11,-211.03
11/16/21,"11,008.33","3,606.85",188.37,300.28,"377,400.35",202.05,82.78,81.45,82.01,7.9,-226.22
11/17/21,"11,024.89","3,652.66",170.52,939.22,"373,359.01",201.34,81.81,80,81.1,7.9,-226.68
11/18/21,,,,,,,,,,,
11/19/21,"10,658.72","3,674.58",125.36,626.09,"376,442.08",202.19,81.56,79.2,80.32,8.16,-224.74
11/20/21,,,,,,,,,,,
11/21/21,,,,,,,,,,,
11/22/21,"10,817.24","3,698.12",59.8,113.04,"373,401.73",202.2,78.7,75.74,78.9,8.16,-223.46
11/23/21,"10,928.60","3,747.53",61.74,217.73,"366,282.13",202.42,79.53,76.41,79.4,8.16,-233.68
11/24/21,"10,910.06","3,751.06",57.23,161.34,"360,174.29",200.78,82.06,78.44,81.75,8.07,-224.1
11/25/21,"11,025.73","3,767.41",88.25,"1,022.35","360,440.45",200.97,82.21,78.29,81.31,8,-211.69
11/26/21,"11,197.68","3,822.61",114.68,392.54,"360,578.91",201.21,81.06,76.89,76.09,8.1,-194.49
11/27/21,,,,,,,,,,,
11/28/21,,,,,,,,,,,
11/29/21,"11,202.09","3,829.65",97.59,109.94,"361,854.34",201.76,75.92,71.67,79.55,7.97,-159.31
11/30/21,"11,440.53","3,875.96",383.6,797.86,"361,493.11",202.05,74.46,70.94,79.79,7.98,-220.3
12/1/21,"11,409.88","3,905.65",98.38,153.94,"359,368.58",202.05,70.57,67.58,78.77,7.98,-218.33
12/2/21,"11,252.30","3,912.88",175.16,24.94,"359,702.78",201.93,69.32,66.08,70.03,7.98,-233.81
12/3/21,"10,988.32","3,884.57",86.69,79.77,"355,089.25",200.45,70.11,67.03,71.61,8.07,-264.8
12/4/21,,,,,,,,,,,
12/5/21,,,,,,,,,,,
12/6/21,"11,034.41","3,947.00",60.43,37.11,"361,316.59",202.25,71.44,67.83,71.41,7.93,-252.56
12/7/21,"11,088.17","3,964.42",83.55,122.09,"356,151.81",200.01,73.54,70.1,71.41,8,-244.95
12/8/21,"11,021.07","3,959.84",76.87,98.75,"360,830.97",201.59,75.07,71.72,75.09,7.99,-237.81
12/9/21,"11,178.43","3,985.89",143.57,153.69,"358,917.02",201.22,75.98,72.61,75.37,7.99,-248.86
12/10/21,"11,393.48","4,074.63",117.94,132.3,"357,741.40",201.06,74.36,70.86,74.03,7.9,-283.39
12/11/21,,,,,,,,,,,
12/12/21,,,,,,,,,,,
12/13/21,"11,662.38","4,193.28",193.62,362.55,"359,799.36",201.33,76.08,72.65,75.04,7.88,-304.97
12/14/21,"11,796.88","4,248.54",124.52,118.7,"361,058.94",201.87,74.21,71.14,74.28,8.01,-296.28
12/15/21,"11,754.46","4,233.02",55.09,127.23,"357,788.60",201.87,73.13,70.09,73.12,8.01,-299.05
12/16/21,"11,678.65","4,212.29",38.15,336.54,"357,680.25",200.67,74.61,71.76,74.66,7.89,-321.45
12/17/21,"11,753.44","4,253.67",306,354.88,"363,292.11",201.54,74.88,72.15,74.23,7.93,-332.67
12/18/21,,,,,,,,,,,
12/19/21,,,,,,,,,,,
12/20/21,"11,650.10","4,190.37",56.81,104.81,"365,532.97",203,71.78,69.1,74.23,7.87,-331.42
12/21/21,"11,640.91","4,172.68",75.25,61.27,"360,955.80",201.51,72.21,68.23,74.23,7.89,-339.01
12/22/21,"11,814.37","4,219.52",58.07,99.38,"360,158.25",201.32,74.5,71.7,74.23,7.89,-340.41
12/23/21,"11,951.23","4,249.58",105.89,97.78,"362,529.18",200.72,75.64,73.08,74.23,7.89,-441.96
12/24/21,"12,070.68","4,253.83",35.67,67.67,"364,066.43",200.92,76.6,73.79,74.23,8.04,-355.55
12/25/21,,,,,,,,,,,
12/26/21,,,,,,,,,,,
12/27/21,"12,008.49","4,217.43",84.23,542.86,"363,783.14",200.92,76.45,73.27,74.23,8.04,-353.61
12/28/21,"11,907.70","4,202.64",77.04,713.99,"364,536.42",201.5,78.62,75.72,74.23,8.26,-356.31
12/29/21,"11,915.18","4,201.55",126.62,511.12,"362,873.35",201,79.18,76.11,74.23,8.26,-352.46
12/30/21,"12,019.75","4,209.99",44.31,245.29,"365,943.03",203,79.49,76.81,74.23,8.26,-353.19
12/31/21,"12,226.01","4,233.25",82.17,77.61,"363,794.36",200.43,78.8,76.27,77.97,8.06,-366.25
1/1/22,,,,,,,,,,,
1/2/22,,,,,,,,,,,
1/3/22,"12,625.82","4,343.35",119.21,106.3,"366,331.85",200.43,78.01,75.47,78,8.11,-335.75
1/4/22,"12,800.54","4,377.06",113.18,709.33,"361,395.00",200,78.95,76.05,78.93,8.11,-303.41
1/5/22,"13,076.91","4,480.15",295.04,273.82,"366,167.77",201.71,79.75,76.77,78.93,8.06,-312.8
1/6/22,"13,169.40","4,515.09",90.12,201.81,"363,700.86",201.05,79.8,76.99,80.8,8.06,-332.22
1/7/22,"13,280.94","4,554.99",165.09,"1,177.37","360,489.78",201.33,82.41,79.92,82.14,8.11,-324.45
1/8/22,,,,,,,,,,,
1/9/22,,,,,,,,,,,
1/10/22,"13,117.07","4,544.43",198.71,215.63,"362,433.67",201.9,81.85,78.91,81.75,8.07,-324.51
1/11/22,"13,079.65","4,518.94",87.1,130.9,"362,996.09",200.95,81.18,78.62,82.13,8.07,-334.11
1/12/22,"13,122.95","4,490.83",105.35,223.15,"365,731.99",200.98,83.91,81.56,84.35,8.07,-363.95
1/13/22,"13,338.49","4,554.94",152.13,340.87,"368,174.81",201.78,84.64,82.61,84.72,8.07,-364.93
1/14/22,,,,,,,,,,,
1/15/22,,,,,,,,,,,
1/16/22,,,,,,,,,,,
1/17/22,,,,,,,,,,,
1/18/22,"13,457.20","4,618.26",198.12,183.56,"367,898.91",201.94,86.84,84.57,88.08,8.28,-382.63
1/19/22,"13,462.39","4,623.95",96.39,213.82,"366,147.20",201.94,88.91,87,88.5,8.31,-414.54
1/20/22,"13,361.17","4,604.80",98.33,214.03,"369,878.21",201.05,87.74,86,88.55,8.21,-440.99
1/21/22,"13,371.61","4,604.99",72.8,119.17,"373,065.07",202.75,85.92,86.9,87.46,8.36,-448.37
1/22/22,,,,,,,,,,,
1/23/22,,,,,,,,,,,
1/24/22,"13,384.11","4,627.03","12,915.76","12,958.84","370,986.13",202,88.8,86.02,87.98,8.29,-457.19
1/25/22,"13,210.17","4,534.94",63.34,233.41,"371,918.23",202.03,86.91,83.77,87.35,8.29,-466.34
1/26/22,"13,065.75","4,478.34",63.29,130.73,"372,481.57",201.59,88.1,85.34,89.35,8.29,-466.49
1/27/22,"12,885.70","4,400.91",284.03,165.44,"366,979.85",202,89.6,86.97,90.2,8.29,-452.19
1/28/22,"12,863.14","4,380.55",126.6,172.02,"361,856.57",201.19,89.64,86.97,90.14,8.29,-458.96
1/29/22,,,,,,,,,,,
1/30/22,,,,,,,,,,,
1/31/22,"13,009.50","4,397.57",87.67,290.55,"359,927.68",201.19,91.26,88.04,90.89,8.32,-464.96
2/1/22,"12,922.12","4,344.42",76.37,164.22,"362,916.86",201.97,91.21,88.17,90.46,8.26,-473.67
2/2/22,"12,584.02","4,221.16",113.45,161.33,"362,418.93",201.42,89.52,88.54,90.46,8.27,-476.35
2/3/22,"12,762.60","4,333.76",81.05,169.71,"364,172.33",201.58,89.02,87.64,89.98,8.27,-479.36
2/4/22,,,,,,,,,,,
2/5/22,,,,,,,,,,,
2/6/22,,,,,,,,,,,
2/7/22,"12,631.69","4,277.12",83.08,540.25,"365,726.05",202,93.85,92.55,93.42,8.26,-480.9
2/8/22,"12,382.47","4,165.60",124.39,64.93,"368,772.18",202.41,92.29,91.06,92.17,8.26,-499.37
2/9/22,"12,081.69","4,052.58",150.36,123.47,"369,338.84",202.07,90.97,89.45,91.84,8.24,-500.41
2/10/22,"12,207.46","4,114.71",75.11,70.05,"370,349.93",201.96,91.51,89.84,92.87,8.24,-503.96
2/11/22,"12,459.80","4,219.42",48.09,87.23,"368,768.17",202,91.08,89.7,92.85,8.57,-517.99
2/12/22,,,,,,,,,,,
2/13/22,,,,,,,,,,,
2/14/22,"12,470.81","4,235.35",39.06,80.94,"373,541.67",201.01,95.69,94.55,94.73,8.46,-537.36
2/15/22,"12,364.80","4,217.23",47.3,72.59,"376,213.05",201,96.09,95.02,94.73,8.46,-539.13
2/16/22,,,,,,,,,,,
2/17/22,"12,352.38","4,224.63",22.52,38.7,"377,515.99",202.01,92.51,91.29,94.03,8.46,-540.25
2/18/22,"12,134.04","4,140.65",53.74,42.55,"382,119.95",202.11,92.47,91.21,92.79,8.41,-593.54
2/19/22,,,,,,,,,,,
2/20/22,,,,,,,,,,,
2/21/22,"11,591.37","3,932.78",102.26,22.35,"382,972.99",201.93,93.04,90.95,94.28,8.35,-587.93
2/22/22,"11,592.30","3,936.96",104.4,22.76,"385,633.15",202,97.05,94.24,97.94,8.35,-622.32
2/23/22,"11,217.76","3,791.57",169.71,102.85,"382,054.29",201.19,96.83,92.35,96.1,8.35,-628.26
2/24/22,"10,657.05","3,584.58",117.13,53.63,"385,184.82",201.19,97.88,93.21,101.22,8.35,-617.88
2/25/22,"11,107.90","3,742.33",124.32,285.57,"387,214.10",202.33,101.62,95.26,99.22,8.38,-598.9
2/26/22,,,,,,,,,,,
2/27/22,,,,,,,,,,,
2/28/22,"11,577.94","3,936.81",302.72,121.91,"384,052.24",201.06,102.39,96.36,99.22,8.29,-576.88
3/1/22,,,,,,,,,,,
3/2/22,"11,406.34","3,860.24",54.17,95.08,"391,394.22",201.9,109.63,108.34,112.2,8.25,-578.93
3/3/22,"11,162.66","3,765",73.6,18.92,"389,656.99",202,116.84,113.55,117.6,8.25,-592.02
3/4/22,"11,243.49","3,819.44",111.54,43.63,"390,696.40",201.63,111.65,109.31,113.15,8.55,-589.67
3/5/22,,,,,,,,,,,
3/6/22,,,,,,,,,,,
3/7/22,"10,960.49","3,714.28",234.67,84.43,"402,149.51",202.04,127.42,123.65,126.51,8.55,-567.56
3/8/22,"10,523.03","3,586.93",104.23,23.51,"401,727.41",202.09,122.64,118.48,127.93,8.55,-602.36
3/9/22,"10,163.72","3,438.25",101.95,34.32,"470,485.33",229.5,129.9,124.93,128.46,8.55,-605.93
3/10/22,"10,856.07","3,731.14",41.08,19.76,"452,625.16",229.34,112.6,109.63,117.23,8.55,-613.63
3/11/22,"10,677.46","3,655.18",82.16,98.42,"502,614.17",251.97,108.66,105.84,113.29,10.34,-628.57
3/12/22,,,,,,,,,,,
3/13/22,,,,,,,,,,,
3/14/22,"10,565.26","3,616.78",56.32,24.74,"497,107.39",251.97,109.58,106.2,110.67,10.34,-626.17
3/15/22,"10,284.30","3,514.83",135.52,40.15,"511,777.91",263.33,100.65,97.4,104.06,10.34,-534.74
3/16/22,"10,222.55","3,524.06",37.7,2.08,"515,218.02",267.86,100.45,96.75,104.96,10.34,-562.81
3/17/22,,,,,,,,,,,
3/18/22,"10,353.83","3,585.47",87.66,21.77,"518,656.56",267.88,108.89,105.23,104.06,10.34,-538.23
3/19/22,,,,,,,,,,,
3/20/22,,,,,,,,,,,
3/21/22,"10,421.74","3,617.86",53.29,11.86,"529,777.88",275,110.91,107.68,113.84,10.34,-525.9
3/22/22,"10,490.74","3,593.31",34.16,19.46,"541,123.80",280,118.97,114.85,114.6,10.34,-548.63
3/23/22,"10,457.81","3,593.95",26.71,5.65,"539,103.24",280.42,116.02,109.81,116.94,10.34,-585.95
3/24/22,"10,451.71","3,611.71",171.73,22.43,"543,856.60",280,123.08,116.03,118.72,10.34,-572.68
3/25/22,"10,455.32","3,639.12",66.87,99.62,"569,578.85",290,119.03,112.03,115.99,11.94,-510.65
3/26/22,,,,,,,,,,,
3/27/22,,,,,,,,,,,
3/28/22,"10,142.29","3,505.15",155.65,21.04,"574,607.29",294.98,117.41,110.52,112.39,11.73,-499.93
3/29/22,"9,647.55","3,338.03",231.52,83.83,"568,294.63",294.98,110.47,104.34,110.05,11.72,-513.27
3/30/22,"9,294.89","3,196.19",419.16,51.21,"589,041.45",306.08,111.25,105.11,110.46,11.73,-516.18
3/31/22,"8,903.87","3,031.16",389.05,426.6,"576,139.02",299,109,103.13,107.74,12,-612.84
4/1/22,"8,471.43","2,830.93",412.67,556.55,"578,835.01",299,105.17,100.42,104.9,12.27,-593.63
4/2/22,,,,,,,,,,,
4/3/22,,,,,,,,,,,
4/4/22,"8,244.55","2,684.82",121.25,18.56,"596,766.36",310.86,103.61,98.61,106.23,11.99,-591.79
4/5/22,"8,738.08","2,872.26",70.39,34.79,"593,692.86",307.79,109.12,104.93,108.05,11.99,-578.24
4/6/22,"8,580.93","2,797.52",240.89,94.12,"591,941.54",307.79,106.23,101.54,106.13,11.85,-586.05
4/7/22,"8,249.70","2,668.37",111.54,52.09,"576,208.14",299.81,102.63,97.65,100.12,11.85,-555.78
4/8/22,"8,135.25","2,623.90",53.65,22.88,"577,457.21",299,101.05,96.6,101.02,13.81,-550.47
4/9/22,,,,,,,,,,,
4/10/22,,,,,,,,,,,
4/11/22,,,,,"605,318.04",311.68,,,,,-601.62
4/12/22,,,,,"613,643.71",313.67,,,,,-600.46
4/13/22,,,,,,,,,,,
4/14/22,,,,,,,,,,,
4/15/22,,,,,,,,,,,
4/16/22,,,,,,,,,,,
4/17/22,,,,,,,,,,,
4/18/22,,,,,"622,363.63",313.67,,,,,-610.95
4/19/22,,,,,"612,806.45",310,,,,,-603.43
4/20/22,,,,,"603,379.35",310,,,,,-622.27
4/21/22,,,,,"654,404.08",335,,,108.81,13.46,-583.46
4/22/22,,,,,"652,885.83",334.8,,,107.66,23.88,-624.11
4/23/22,,,,,,,,,,,
4/24/22,,,,,,,,,,,
4/25/22,"7,513.85","2,355.54",16.97,1.79,"643,935.91",334.8,103.77,99.26,101.93,22.31,-579.32
4/26/22,"6,905.37","2,125.96",43.96,3.3,"647,700.62",340.47,102.73,98.89,102.94,22.31,-640.57
4/27/22,"7,280.52","2,356.71",82.24,45.1,"642,461.10",337.9,106.07,102.64,105.33,22.31,-688.29
4/28/22,"7,611.43","2,503.73",105.05,107.95,"643,701.84",341.85,104.22,101.15,105.33,22.49,-610.73
4/29/22,"7,624.26","2,509.24",82.31,19.52,"649,916.67",341.85,107,104.77,107.99,23.78,-602.61
4/30/22,,,,,,,,,,,
5/1/22,,,,,,,,,,,
5/2/22,,,,,,,,,,,
5/3/22,,,,,,,,,,,
5/4/22,"7,598.04","2,510.99",62.98,26.3,"633,019.97",340,105.72,103.26,110.83,23.78,-592.49
5/5/22,"7,567.55","2,479.51",172.89,24.98,"664,815.25",349.9,110.2,107.81,113.04,21.87,-587.55
5/6/22,"7,427.48","2,401.21",185.09,50.06,"671,177.67",358.57,111.35,108.72,114.37,23.57,-588.77
5/7/22,,,,,,,,,,,
5/8/22,,,,,,,,,,,
5/9/22,"7,516.63","2,443.05",9.92,17.02,"684,258.76",364.76,111.9,109.17,112.48,23.57,-606.63
5/10/22,,,,,"678,433.54",364.76,104.42,101.78,108.18,23.57,-595.97
5/11/22,,,,,"670,120.66",364.76,102.97,100.21,109.02,23.57,-567.72
5/12/22,"7,754.62","2,530.17",21.72,71.34,"668,628.00",360,106.76,105.02,112.37,23.57,-561.5
5/13/22,"8,098.41","2,662.31",55.17,45.99,"657,106.20",360,109.38,107.86,112.37,24.09,-582.06
5/14/22,,,,,,,,,,,
5/15/22,,,,,,,,,,,
5/16/22,,,,,,,,,,,
5/17/22,"8,457.65","2,809.81",74.06,129.96,"656,919.69",359.75,114.57,114.37,117.2,23.92,-589.63
5/18/22,"8,417.21","2,795.53",58.45,49.98,"651,996.90",359.65,112.5,113.37,114.94,23.8,-588.75
5/19/22,"8,173.86","2,703.70",33.65,42.4,"652,782.80",359.55,110.35,110.22,112.04,23.08,-609.58
5/20/22,"8,265.61","2,750.91",184.39,304.64,"660,443.65",359.48,111.6,112,114.79,24.33,-546.88
5/21/22,,,,,,,,,,,
5/22/22,,,,,,,,,,,
5/23/22,"8,474.49","2,844.97",42.82,68.5,"665,733.59",359.44,113.37,111.02,115.95,24.33,-516.84
5/24/22,"8,393.47","2,816.45",49.15,27.49,"664,819.39",359.38,112.58,109.51,114.96,24.33,-508.99
5/25/22,"8,370.16","2,780.03",115.26,126.86,"669,218.15",359.38,114.75,110.91,114.96,24.33,-523.99
5/26/22,"8,319.58","2,744.54",9.13,56.25,"665,551.34",359.71,113.96,110.38,116.5,24.33,-524.7
5/27/22,"8,315.55","2,733.04",22.45,63.86,"665,950.71",359.25,117.81,114.42,118.84,23.75,-588.62
5/28/22,,,,,,,,,,,
5/29/22,,,,,,,,,,,
5/30/22,"8,231.33","2,719.08",152.5,60.58,"670,856.67",360.76,119.59,115.51,120.01,23.75,-475.5
5/31/22,"8,108.09","2,679.33",153.3,86.68,"667,519.64",360.76,122.43,117.59,122.94,23.69,-480.59
6/1/22,"8,064.69","2,655.38",92.72,72.39,"661,364.39",360.11,122.84,115.45,117.07,23.69,-535.47
6/2/22,"8,099.51","2,671.62",390.18,204.23,"665,341.26",360.6,113.8,112.53,114.62,23.69,-541.9
6/3/22,"8,054.77","2,647.67",11.01,16.27,"674,537.45",360.3,117.53,116.63,114.62,23.55,-557.14
6/4/22,,,,,,,,,,,
6/5/22,,,,,,,,,,,
6/6/22,"7,803.61","2,539.06",57.79,8.3,"668,110.83",360.28,119.7,119.07,119.85,22.88,-564.58
6/7/22,"7,631.13","2,454.48",171.89,284.51,"663,214.67",360.28,120.45,119.41,120.16,22.83,-536.39
6/8/22,"7,772.69","2,529.09",87.28,20.62,"665,821.85",360.03,120.84,119.68,121.54,23.05,-535.91
6/9/22,"7,881.13","2,567.74",12.94,10.37,"666,585.41",360.03,124.04,122.44,123.21,23.16,-550.35
6/10/22,"7,898.79","2,560.57",28.6,23.75,"664,350.91",359.8,122.05,120.54,123.21,22.86,-551.34
6/11/22,,,,,,,,,,,
6/12/22,,,,,,,,,,,
6/13/22,"7,888.69","2,545.75",8.14,14.24,"669,519.36",359.83,119.69,118.36,123.73,22.86,-548.73
6/14/22,,,,,,,,,,,
6/15/22,"7,772.08","2,485.21",155.42,161.17,"654,547.36",359.85,121.68,119.41,123.73,22.86,-566.58
6/16/22,"7,705.27","2,463.09",33.49,48.98,"659,009.08",359.85,119.77,116.66,119.24,22.86,-541.97
6/17/22,"7,472.39","2,368.65",44.51,61.79,"663,582.26",359.75,118.96,116.66,119.24,21.83,-499.5
6/18/22,,,,,,,,,,,
6/19/22,,,,,,,,,,,
6/20/22,"7,424.56","2,364.92",24.34,64.33,"663,006.19",360.75,112.33,108.9,113.54,21.74,-496.57
6/21/22,"7,502.28","2,400.57",20.64,30.15,"666,291.05",361.75,115.37,111.55,115.97,21.74,-511.12
6/22/22,"7,512.15","2,409.81",10.88,10.68,"659,292.03",360.9,112.9,107.8,111,21.74,-508.15
6/23/22,"7,556.09","2,431.44",7.49,171.4,"661,636.17",360.9,109.43,103.75,111.09,21.74,-509.36
6/24/22,"7,651.19","2,470.19",29.08,68.56,"657,527.68",360.3,110.28,104.59,112.35,21.55,-489.7
6/25/22,,,,,,,,,,,
6/26/22,,,,,,,,,,,
6/27/22,"7,451.91","2,381.09",37.91,15.38,"661,400.91",360.3,111.96,106.4,114.88,21.55,-473.34
6/28/22,"7,312.66","2,336.44",27.74,7.22,"656,245.26",359.9,115.9,110.34,117.55,21.55,-491.85
6/29/22,"7,365.92","2,350.28",43.1,8.07,"655,462.00",359.72,117.65,111.54,117.64,21.55,-467.89
6/30/22,"7,342.33","2,334.36",11.97,8.88,"655,624.31",359.88,115.84,109.97,115.61,22.26,-522.78
7/1/22,"7,457.48","2,380.26",8.17,15.04,"649,205.28",359.55,109.89,106.51,113.2,22.26,-518.84
7/2/22,,,,,,,,,,,
7/3/22,,,,,,,,,,,
7/4/22,"7,359.55","2,345.08",38.11,9.66,"651,045.63",359.79,110.75,107.66,115.3,22.26,-503.98
7/5/22,"7,238.59","2,293.24",40.58,19.95,"651,358.65",359.79,114.35,111.02,114.3,22.26,-520.58
7/6/22,"7,117.35","2,247.04",34.73,6.74,"637,359.51",359.82,104.85,101.07,114.3,22.26,-516.25
7/7/22,"7,057.86","2,228.99",190.15,8.73,"627,886.34",360.82,98.56,96.69,114.3,22.26,-491.46
7/8/22,"7,080.69","2,244.83",5.12,20.77,"628,253.49",360.35,104.52,102.6,114.3,22.26,-495.7
7/9/22,,,,,,,,,,,
7/10/22,,,,,,,,,,,
7/11/22,"7,302.15","2,337.67",11.32,7.93,"629,690.32",361.35,106.36,103.81,114.3,22.26,-383.39
7/12/22,"7,365.67","2,365.22",16.74,31.53,"626,211.33",360.9,105.71,102.68,106.86,22.26,-361.37
7/13/22,,,,,,,,,,,
7/14/22,"7,318.24","2,337.22",11.94,6.5,"625,587.67",361.9,99.94,96.52,102.66,22.26,-377.57
7/15/22,"7,467.82","2,400.17",21.73,14.94,"619,784.89",361.24,99.39,95.84,104.39,22.26,-386.76
7/16/22,,,,,,,,,,,
7/17/22,,,,,,,,,,,
7/18/22,"7,536.61","2,423.08",140.02,16.77,"618,718.67",361.03,100.89,96.89,108.76,22.26,-470.8
7/19/22,"7,644.12","2,459.45",138.88,133.26,"616,796.98",361.17,106.16,102.36,110.27,22.26,-451.16
7/20/22,"7,712.08","2,477.81",220,219.84,"619,190.33",361.87,107.02,103.6,110.27,22.26,-462.36
7/21/22,"7,736.37","2,477.67",21.47,20.46,"612,271.50",361.67,106.24,102.26,107.5,22.26,-436.1
7/22/22,"7,721.78","2,461.98",142.63,19.47,"619,699.95",361.3,104.81,97.04,107.5,29,-456.75
7/23/22,,,,,,,,,,,
7/24/22,,,,,,,,,,,
7/25/22,"7,639.42","2,434.28",122.83,120.02,"623,058.99",361.09,103.85,95.25,106.27,29,-436.87
7/26/22,"7,630.17","2,418.71",35.99,56.92,"623,156.40",361,105.9,97.28,109.35,29,-420.38
7/27/22,"7,626.69","2,409.12",392.21,109.89,"619,841.21",361,104.52,95.3,108.11,29,-433.99
7/28/22,"7,679.64","2,429.88",38.23,15.31,"626,347.64",361,107,97.74,110.84,28.36,-436.29
7/29/22,"7,731.15","2,448.36",30.14,23.15,"632,998.34",360.8,107.14,97.31,110.9,28.3,-460.39
7/30/22,,,,,,,,,,,
7/31/22,,,,,,,,,,,
8/1/22,"7,768.57","2,445.09",43.66,26.57,"637,002.55",361,103.17,97.71,106.8,28.3,-464.04
8/2/22,"7,907.52","2,501.80",222.9,239.01,"641,386.90",361,99.41,93.39,104.86,28.3,-460.82
8/3/22,"8,080.14","2,586.05",63.97,68.12,"637,121.76",360.93,100.14,94.11,104.17,28.3,-462.72
8/4/22,"8,229.14","2,677.67",262.42,468.73,"638,107.08",360.93,97.58,91.42,101.19,28.3,-463.19
8/5/22,"8,333.37","2,728.14",50.89,316.32,"645,603.42",360.8,94.43,88.86,100.01,28.43,-472.61
8/6/22,,,,,,,,,,,
8/7/22,,,,,,,,,,,
8/8/22,"8,422.97","2,794.15",93.07,155.47,"640,465.10",360.8,94.74,88.79,100.78,28.45,-471.2
8/9/22,"8,500","2,803.88",195.42,121.17,"644,037.87",360.94,96.34,90.45,101.29,28.45,-461.95
8/10/22,"8,706.17","2,928.96",112.32,381.18,"647,553.47",360.94,96.42,90.49,101.29,28.45,-454.17
8/11/22,,,,,,,,,,,
8/12/22,"9,027.48","3,072.01",414.98,570.05,"644,757.79",360.85,99.1,93.82,101.29,29.1,-466.88
8/13/22,,,,,,,,,,,
8/14/22,,,,,,,,,,,
8/15/22,"9,191.52","3,097.30",119.98,237.81,"648,080.58",360.92,97.75,91.72,100.04,29.1,-468.7
8/16/22,"9,086.24","3,037.59",194.35,57.58,"643,301.35",360.97,95.1,88.37,97.44,29.1,-449.51
8/17/22,"8,907.35","2,947",119.79,42.67,"641,234.94",360.96,92.29,86.6,95.73,29.1,-457.9
8/18/22,"8,910.57","2,962.33",147.84,64.62,"636,816.46",360.97,93.62,87.92,98.22,28.91,-456.21
8/19/22,"8,975.75","2,963.95",89.48,48.96,"634,073.27",361,96.75,90.72,99.66,29.04,-499.38
8/20/22,,,,,,,,,,,
8/21/22,,,,,,,,,,,
8/22/22,"9,087.59","3,007.70",142.23,75.87,"630,943.86",360.95,95.42,89.78,98.72,29.15,-513.57
8/23/22,"9,071.53","2,989.78",88.28,71.78,"628,123.76",361,97.31,90.23,101.93,28.97,-503.11
8/24/22,"9,011.24","2,944.50",94.78,25.85,"630,154.38",361,100.07,93.72,104.05,28.97,-490.58
8/25/22,"8,828.08","2,866.23",115.67,65.98,"633,813.86",361,101.92,95.56,104.63,28.97,-495.32
8/26/22,"8,793.39","2,863.75",476.19,70.75,"634,418.94",361.4,100.34,93.44,104.63,28.57,-479.94
8/27/22,,,,,,,,,,,
8/28/22,,,,,,,,,,,
8/29/22,"8,732.47","2,830.67",115.44,56.28,"623,633.30",361.17,101.49,93.72,104.85,28.57,-476.92
8/30/22,"8,865.40","2,862.75",260.38,22.77,"626,579.83",361.29,104.48,96.65,106.41,28.57,-477.04
8/31/22,"9,071.32","2,928.97",991.06,293.68,"622,173.13",361.15,99.68,92.01,101.04,28.57,-474.16
9/1/22,"9,254.81","3,005.32",421.46,293.85,"615,711.23",361.08,96.49,89.45,98.27,25.86,-459.45
9/2/22,"9,316.45","3,009.61",807.16,281.46,"613,501.74",361.45,93.42,87.69,99.22,30.15,-462.3
9/3/22,,,,,,,,,,,
9/4/22,,,,,,,,,,,
9/5/22,"9,366.39","3,030.56",709.07,61.15,"617,806.61",361.45,94.68,88.41,99.84,30.15,-448.74
9/6/22,"9,330.33","2,998.19",94,197.91,"620,792.18",361.45,95.55,89.19,99.03,27.19,-441.28
9/7/22,"9,447.27","3,017.97","2,397.82",99.75,"614,040.18",361.81,91.98,85.84,95.96,27.19,-440.46
9/8/22,"9,599.32","3,069.03",839.79,439.94,"620,660.94",361.9,88.9,82.9,92.67,27.19,-447.22
9/9/22,"9,704.21","3,131.29",33.4,343.14,"621,594.89",362,89.22,83.49,95.28,28.66,-430.4
9/10/22,,,,,,,,,,,
9/11/22,,,,,,,,,,,
9/12/22,"9,813.18","3,156.64",236.95,183.77,"621,279.85",362.2,91.53,85.46,97.5,28.66,-430.47
9/13/22,"9,749.09","3,133.15",151.92,43.01,"623,772.37",362.28,92.85,86.7,97.5,28.66,-412.02
9/14/22,"9,914.12","3,179.79",830.61,156.89,"617,398.94",362.45,93.15,87.3,97.66,28.66,-424.34
9/15/22,"10,072.38","3,252.23","1,070.12",277.43,"614,340.06",362.45,93.87,88.35,97.3,28.66,-402.21
9/16/22,"10,061.09","3,237.32","1,812.32",62.38,"603,341.21",362.9,91.11,85.27,95.7,29.94,-421.58
9/17/22,,,,,,,,,,,
9/18/22,,,,,,,,,,,
9/19/22,"10,025.40","3,217.74",73.5,36.43,"605,567.40",362.9,92.37,85.99,95.2,30.14,-416.1
9/20/22,"9,901.13","3,185.59","2,461.11",42.98,"608,316.57",362.9,91.95,85.59,96.55,30.14,-413.07
9/21/22,"9,913.22","3,199.94","1,039.76",49.4,"604,566.81",362.9,90.24,84.45,96.31,30.07,-394.04
9/22/22,"10,001.19","3,231.22",357.78,33.08,"602,193.70",362.9,90.06,83.1,95.51,29.7,-395.11
9/23/22,"9,964.80","3,203.01",70.32,53.49,"606,412.23",362.9,90.69,83.77,92.67,28.37,-434.85
9/24/22,,,,,,,,,,,
9/25/22,,,,,,,,,,,
9/26/22,"9,844.21","3,156.90","2,138.19",354.17,"595,644.10",362.9,86.08,78.75,89.5,29.69,-444.21
9/27/22,"9,861.62","3,164.51","2,379.75",326.73,"591,531.84",362.9,84.61,77.2,89.81,29.69,-429.47
9/28/22,"9,958.87","3,184.48",71.85,50.08,"589,447.58",362.9,85.94,78.27,90.27,29.66,-419.44
9/29/22,"9,951.48","3,168.90",139.64,94.25,"600,537.57",362.9,89.42,82.21,92.76,29.36,-414.35
9/30/22,"9,931.07","3,165.33",209.39,139.87,"602,776.90",362.9,88.51,81.46,92.34,28.57,-433.46
10/1/22,,,,,,,,,,,
10/2/22,,,,,,,,,,,
10/3/22,"9,649.86","3,048.87",52.57,8.45,"604,681.22",362.9,87.61,81.83,90.68,28.57,-370.7
10/4/22,"9,237.05","2,875.21",62.63,41.15,"615,639.89",362.9,89.2,83.75,92.13,28.45,-368.6
10/5/22,"9,319.01","2,887.67",77.32,65.23,"624,295.06",362.9,91.61,86.29,94.05,29.53,-363.74
10/6/22,"9,182.23","2,820.43",82.04,19.35,"624,494.65",362.9,93.69,88.09,97.43,29.58,-353.45
10/7/22,"9,049.52","2,771.83",185.78,11.42,"620,462.99",362.9,94.47,88.56,97.43,27.98,-382.43
10/8/22,,,,,,,,,,,
10/9/22,,,,,,,,,,,
10/10/22,,,,,,,,,,,
10/11/22,"8,744.61","2,652.99",864.1,35.59,"604,406.65",362.9,96.4,91.28,96.03,27.98,-383.17
10/12/22,"8,853.27","2,687.81",45.95,14.64,"603,682.34",362.9,95.54,88.43,95.11,27.98,-375.63
10/13/22,"9,148.55","2,805.11",278.69,20.26,"606,203.06",362.9,92.74,87.38,93.66,27.98,-392.77
10/14/22,"9,093.37","2,782.73",54.3,5.71,"605,722.97",363.14,94.31,88.86,94.17,27.96,-380.51
10/15/22,,,,,,,,,,,
10/16/22,,,,,,,,,,,
10/17/22,"8,983.74","2,720.73",136.09,49.1,"599,749.61",363.38,92.14,86.3,92.16,28.07,-370.13
10/18/22,"8,866.05","2,674.33",54.44,24.25,"599,593.35",363.38,91.87,85.7,90.82,28.07,-360.28
10/19/22,"8,888.37","2,677.37",66.24,13.41,"600,111.17",363.38,90.92,84.09,89.29,28.07,-374.12
10/20/22,"8,737.38","2,613.06",31.01,414.31,"589,856.59",363.38,92.22,86.03,92.09,28.07,-367.04
10/21/22,"8,685.52","2,597.87",212.75,2.05,"590,981.25",363.38,92.41,84.62,92.09,28.07,-366.17
10/22/22,,,,,,,,,,,
10/23/22,,,,,,,,,,,
10/24/22,,,,,,,,,,,
10/25/22,"8,516.40","2,554.01",532.69,3.61,"598,982.87",363.38,93.35,84.76,92.09,28.07,-353.09
10/26/22,"8,602.97","2,608.15",111.7,10.25,"601,056.24",363.3,92.54,84.62,93.32,28.07,-359.17
10/27/22,"8,802.23","2,677.03",206.2,13.07,"604,389.51",363.3,95.91,88.1,94.73,27.91,-358.97
10/28/22,"8,728.60","2,642.44",141.64,4.98,"604,907.22",363.3,96.63,88.61,94.73,28.9,-344.22
10/29/22,,,,,,,,,,,
10/30/22,,,,,,,,,,,
10/31/22,"8,602.16","2,590.61",70.39,22.99,"596,771.11",363.3,95.95,88.18,94.73,28.9,-344.06
11/1/22,"8,605.85","2,610.60",68.36,8.07,"595,381.49",363.3,94.83,86.67,94.43,28.9,-332.97
11/2/22,"8,561.96","2,601.73",55.68,22.24,"599,083.52",363.3,95.38,89.25,94.74,28.94,-329.12
11/3/22,"8,508.98","2,583.75",124.15,18.66,"595,130.81",363.3,95.62,89.31,96.15,28.94,-324.33
11/4/22,"8,491.80","2,585.43",13.72,11.23,"594,693.27",363.5,94.74,88.26,96.15,28.78,-344.53
11/5/22,,,,,,,,,,,
11/6/22,,,,,,,,,,,
11/7/22,,,,,,,,,,,
11/8/22,"8,267.77","2,518.83",91,8.84,"608,079.16",363.5,98.19,92.04,95.99,28.78,-316.77
11/9/22,"8,293.50","2,541.58",68.17,8.36,"621,090.64",363.5,95.36,88.86,93.22,28.78,-324.9
11/10/22,"8,322.62","2,560.28",38.6,"1,174.59","620,801.66",363.5,92.44,85.6,91.32,28.78,-276.54
11/11/22,"8,419.06","2,580.18",93.76,3.15,"636,157.72",363.5,93.97,86.82,94.81,28.78,-284.75
11/12/22,,,,,,,,,,,
11/13/22,,,,,,,,,,,
11/14/22,"8,363.29","2,566.62",39.28,62.78,"640,354.32",363.5,96.65,89.55,94.42,28.78,-248.66
11/15/22,"8,291.52","2,545.28",156.58,2.96,"644,074.75",363.5,92.83,85.38,91.16,28.78,-154.64
11/16/22,"8,087.04","2,464.20",141.14,3.7,"645,810.46",363.5,93.78,86.9,91.72,28.79,-155.28
11/17/22,"8,034.78","2,460.17",60.86,3.9,"642,808.53",363.5,92.07,84.88,90.52,30.16,-150.76
11/18/22,"7,817.89","2,381.53",96.96,2.06,"641,035.89",363.5,90.3,82.3,87.65,29.58,-165.97
11/19/22,,,,,,,,,,,
11/20/22,,,,,,,,,,,
11/21/22,"7,777.02","2,366.55",40.64,3.74,"634,287.51",363.5,86.98,80,84.18,29.58,-168.28
11/22/22,"8,000.44","2,454.96",174.88,58.18,"633,440.55",363.5,87.58,79.73,86.2,29.58,-162.53
11/23/22,"8,173.86","2,513.57",25.06,18.63,"632,470.01",363.5,88.61,81.29,85.19,29.58,-158.04
11/24/22,"8,028.14","2,458.58",17.87,65.2,"637,902.86",363.5,85.41,77.68,81.52,29.58,-154.34
11/25/22,"8,148.06","2,538.18",39.78,77.83,"638,232.05",363,85.36,78.18,83.8,29.44,-176.31
11/26/22,,,,,,,,,,,
11/27/22,,,,,,,,,,,
11/28/22,"8,309.94","2,612.76",29.33,29.48,"635,135.66",363,82.37,74.96,79.93,29.44,-253.48
11/29/22,"8,375.21","2,640.31",85.25,84.14,"634,395.95",363.19,83.19,76.53,83.42,29.44,-231.52
11/30/22,"8,651.23","2,730.08",361.94,322.69,"636,340.82",363.19,83.03,78.97,83.13,29.44,-232.51
12/1/22,"8,703.79","2,739.74",926.09,31.4,"644,694.94",363.19,85.43,80.5,84.39,29.44,-234.1
12/2/22,"8,769.73","2,774.60","1,220.46",169.46,"652,701.46",363.19,86.78,81.1,83.97,29.44,-239.81
12/3/22,,,,,,,,,,,
12/4/22,,,,,,,,,,,
12/5/22,"8,843.75","2,809.50",886.23,10.02,"656,347.46",363.18,87.08,81.37,79.77,29.35,-243.86
12/6/22,"8,881.34","2,835.66",928.3,53.22,"644,150.58",363.18,83.44,77.71,79.77,29.35,-242.59
12/7/22,,,,,,,,,,,
12/8/22,"8,891.74","2,844.48",211.55,81.36,"647,598.97",363.18,77.75,72.49,79.77,29.35,261.03
12/9/22,"8,843.90","2,827.72",13.79,12.72,"651,082.54",363.18,76.74,72.1,74.78,28.29,267.5
12/10/22,,,,,,,,,,,
12/11/22,,,,,,,,,,,
12/12/22,"8,862.67","2,829.67",14.35,21.25,"649,416.69",363.18,77.04,72.07,74.94,28.02,275.8
12/13/22,"8,832.14","2,819.81",22.89,6.9,"647,864.09",363.18,78.29,73.45,78.34,28.13,-276.49
12/14/22,"8,870.63","2,840.56","1,666.89",96.52,"657,430.25",363.18,80.41,75.16,79.97,28.13,-262.77
12/15/22,"8,813.84","2,809.72",608.52,54.66,"652,343.92",363.18,82.3,76.86,80.47,28.16,-206.33
12/16/22,"8,739.50","2,795.71","1,062.99",23.03,"647,228.53",363.18,81.56,76.41,78.73,29.03,-240.84
12/17/22,,,,,,,,,,,
12/18/22,,,,,,,,,,,
12/19/22,"8,626.21","2,749.54",823.6,14.33,"652,006.16",363.18,80.32,75.54,78.11,29.03,-235.3
12/20/22,"8,508.53","2,694.45","1,235.39",38.92,"648,767.51",363.16,80.38,75.84,78.13,29.21,-229.03
12/21/22,"8,420.26","2,653.84","2,980.10",76.92,"659,692.85",363.16,80.01,76.09,79.36,29.21,-224
12/22/22,"8,397.12","2,642.81","1,018.69",148.85,"660,564.43",363.16,82.39,78.59,81.14,29.21,-231.55
12/23/22,"8,379.95","2,623.70",52.71,13.45,"651,638.22",363.17,81.85,78.45,81.14,29.08,-239
12/24/22,,,,,,,,,,,
12/25/22,,,,,,,,,,,
12/26/22,,,,,,,,,,,
12/27/22,"8,452.70","2,655.59",380.37,7.25,"655,666.01",363.1,84.75,80.48,81.14,28.95,-243.08